iter	Logloss
0	0.691076554
1	0.687785671
2	0.6856446419
3	0.6831118189
4	0.6802068729
